visit,node,store_id,name,longitude,latitude
0,0,spx/4161,北屯崇平 - 智取店,120.68794,24.189342
1,16,spx/3292,北屯東豐 - 智取店,120.69034,24.192823
2,198,spx/1423,潭子頭張 - 智取店,120.697296,24.19448
3,144,spx/3508,潭子家福 - 智取店,120.70007,24.194403
4,323,spx/1036,潭子中山二 - 智取店,120.70246,24.192463
5,165,spx/4421,北屯櫻花 - 智取店,120.70716,24.197495
6,365,spx/4064,潭子復興 - 智取店,120.70638,24.204012
7,72,spx/2843,潭子圓通南 - 智取店,120.70919,24.206474
8,455,spx/3475,潭子福興 - 智取店,120.70987,24.210531
9,92,spx/3114,潭子福潭 - 智取店,120.70896,24.215569
10,368,spx/2301,潭子站前 - 智取店,120.70532,24.21102
11,425,spx/780,潭子中山店,120.705215,24.209215
12,278,spx/2766,潭子甘蔗 - 智取店,120.70296,24.20997
13,382,spx/2624,潭子僑興 - 智取店,120.7017,24.206188
14,107,spx/1646,潭子圓通 - 智取店,120.70207,24.207262
15,483,spx/1210,潭子勝利 - 智取店,120.70042,24.212475
16,364,spx/2930,潭子雅潭 - 智取店,120.692955,24.216042
17,337,spx/1147,潭子大豐 - 智取店,120.69213,24.221292
18,138,spx/3131,潭子潭富 - 智取店,120.69413,24.224579
19,319,spx/3460,潭子祥和 - 智取店,120.71247,24.229624
20,321,spx/3269,豐原豐南 - 智取店,120.71893,24.237944
21,464,spx/1392,豐原永康 - 智取店,120.723274,24.23998
22,283,spx/3498,豐原安康 - 智取店,120.726494,24.242542
23,132,spx/3535,豐原圓中 - 智取店,120.72607,24.24646
24,38,spx/677,豐原圓環店,120.72344,24.24467
25,50,spx/3549,豐原保康 - 智取店,120.72174,24.243286
26,206,spx/2004,豐原圓環東 - 智取店,120.7197,24.243773
27,220,spx/2752,豐原府前 - 智取店,120.71837,24.249626
28,166,spx/837,豐原新生店,120.71928,24.252724
29,226,spx/3826,豐原忠孝 - 智取店,120.71581,24.253956
30,341,spx/1390,神岡豐洲 - 智取店,120.710335,24.258743
31,437,spx/774,豐原圓環二 - 智取店,120.70898,24.252144
32,231,spx/785,豐原中山二 - 智取店,120.71502,24.248156
33,381,spx/644,豐原中山 - 智取店,120.71167,24.240295
34,412,spx/2940,豐原成功 - 智取店,120.7096,24.245
35,435,spx/1329,豐原西勢 - 智取店,120.70585,24.243565
36,363,spx/4360,豐原社皮 - 智取店,120.700096,24.245962
37,222,spx/1293,豐原中正 - 智取店,120.70063,24.249203
38,442,spx/3697,神岡大豐北 - 智取店,120.69937,24.252588
39,113,spx/2080,神岡社口 - 智取店,120.686386,24.249865
40,357,spx/3624,神岡民生 - 智取店,120.68118,24.24519
41,121,spx/2902,神岡社南 - 智取店,120.67496,24.251633
42,197,spx/4426,神岡溪洲 - 智取店,120.67964,24.265984
43,39,spx/3051,神岡三民 - 智取店,120.6596,24.272823
44,303,spx/2164,神岡中山 - 智取店,120.6612,24.25893
45,225,spx/4319,神岡神林 - 智取店,120.66006,24.255507
46,312,spx/2387,大雅員林 - 寄件店,120.650665,24.244144
47,59,spx/2352,大雅大林 - 智取店,120.650566,24.243942
48,332,spx/787,大雅民生 - 智取店,120.667786,24.23611
49,353,spx/2296,大雅上楓 - 智取店,120.67007,24.237623
50,223,spx/802,大雅民生二店,120.65403,24.229193
51,147,spx/1882,大雅上雅 - 智取店,120.65148,24.227814
52,118,spx/3279,大雅二和 - 智取店,120.65287,24.221315
53,94,spx/4066,大雅雅環 - 智取店,120.65329,24.218634
54,450,spx/2175,大雅學府 - 智取店,120.65096,24.216951
55,43,spx/3548,大雅中北 - 智取店,120.64715,24.218014
56,41,spx/897,大雅雅潭店,120.647644,24.22123
57,67,spx/1801,大雅中山 - 智取店,120.64521,24.225874
58,209,spx/1694,大雅中清店,120.63169,24.239235
59,177,spx/3280,沙鹿公明 - 智取店,120.60681,24.247038
60,20,spx/1537,沙鹿光華 - 智取店,120.56983,24.24448
61,467,spx/2978,沙鹿光正 - 智取店,120.56385,24.244099
62,185,spx/3454,沙鹿錦華 - 智取店,120.56361,24.248842
63,22,spx/720,沙鹿成功店,120.56082,24.242796
64,213,spx/3365,沙鹿高工 - 智取店,120.56436,24.2382
65,296,spx/1952,沙鹿竹林 - 智取店,120.56761,24.236837
66,308,spx/704,沙鹿中山店,120.56145,24.237488
67,293,spx/2174,沙鹿四平 - 智取店,120.55932,24.231981
68,173,spx/1961,沙鹿英才 - 智取店,120.56776,24.227053
69,376,spx/886,沙鹿靜宜店,120.57637,24.226109
70,168,spx/1880,沙鹿晉文 - 智取店,120.57875,24.223574
71,424,spx/3402,沙鹿大晉 - 智取店,120.57989,24.21992
72,111,spx/2706,沙鹿北勢東 - 智取店,120.58024,24.213634
73,98,spx/3717,沙鹿南陽 - 智取店,120.574615,24.215015
74,275,spx/2536,沙鹿鎮南 - 智取店,120.57063,24.217049
75,116,spx/3609,沙鹿保成 - 智取店,120.57041,24.213104
76,42,spx/4059,沙鹿三鹿 - 智取店,120.56617,24.211775
77,200,spx/3407,沙鹿正德 - 智取店,120.56948,24.20561
78,156,spx/1054,沙鹿屏西 - 智取店,120.56755,24.205366
79,307,spx/4015,沙鹿自強 - 智取店,120.56119,24.206722
80,12,spx/2806,龍井山腳 - 智取店,120.550644,24.210608
81,402,spx/888,龍井沙田店,120.546,24.189856
82,175,spx/1564,龍井龍門店,120.529884,24.181799
83,11,spx/1834,龍井龍津 - 智取店,120.52352,24.199215
84,15,spx/4420,龍井央二 - 智取店,120.52367,24.207382
85,397,spx/1790,龍井中央 - 智取店,120.52594,24.215006
86,367,spx/2836,梧棲自立 - 智取店,120.528915,24.241825
87,142,spx/970,梧棲民生店,120.53084,24.253538
88,109,spx/1776,梧棲中和 - 智取店,120.532845,24.25805
89,250,spx/719,梧棲四維 - 智取店,120.53409,24.261452
90,359,spx/3009,梧棲四維東 - 智取店,120.53861,24.260895
91,153,spx/1779,清水港都 - 智取店,120.53624,24.268639
92,379,spx/3113,清水四維東 - 智取店,120.54156,24.266884
93,377,spx/4233,梧棲大智 - 智取店,120.54125,24.256847
94,221,spx/2721,梧棲福德 - 智取店,120.53894,24.250296
95,241,spx/3342,梧棲港埠 - 智取店,120.53529,24.248163
96,126,spx/3139,梧棲文昌 - 智取店,120.53983,24.243513
97,282,spx/1271,梧棲大庄 - 智取店,120.5457,24.24672
98,345,spx/1557,清水槺榔 - 智取店,120.54704,24.263702
99,327,spx/2907,清水建國 - 智取店,120.55857,24.27069
100,351,spx/901,清水五權店,120.55872,24.273851
101,195,spx/2678,清水大秀 - 智取店,120.55725,24.2785
102,274,spx/2858,清水夜市 - 智取店,120.56606,24.276922
103,461,spx/1264,清水五權二 - 智取店,120.571075,24.27579
104,285,spx/2722,清水高中 - 智取店,120.57397,24.26547
105,193,spx/1931,清水星海 - 智取店,120.56927,24.261915
106,37,spx/1431,清水中山 - 智取店,120.5759,24.270315
107,286,spx/2738,清水高美 - 智取店,120.57031,24.291449
108,73,spx/3592,台中大安 - 智取店,120.587135,24.346691
109,84,spx/3149,大甲興安 - 智取店,120.614136,24.348034
110,336,spx/1565,大甲忠孝 - 智取店,120.61953,24.352034
111,25,spx/1009,大甲文武 - 智取店,120.6185,24.3488
112,187,spx/4159,大甲光明 - 智取店,120.61942,24.345413
113,82,spx/1698,大甲水源店,120.62391,24.340975
114,201,spx/917,大甲車站店,120.62606,24.344692
115,174,spx/2031,大甲上上 - 智取店,120.623764,24.346146
116,237,spx/976,大甲順天 - 智取店,120.62676,24.349934
117,476,spx/3448,大甲中山 - 智取店,120.63129,24.354715
118,78,spx/1436,大甲青二 - 智取店,120.645645,24.40585
119,335,spx/4260,大甲甲后五 - 智取店,120.632866,24.34349
120,403,spx/912,外埔甲后 - 智取店,120.63676,24.343035
121,125,spx/1516,外埔重光 - 智取店,120.65319,24.33188
122,311,spx/4065,外埔三崁 - 智取店,120.65527,24.329895
123,417,spx/1787,后里麗寶 - 智取店,120.69333,24.313742
124,263,spx/1645,后里公安 - 智取店,120.70932,24.305449
125,430,spx/2330,后里文化 - 智取店,120.71257,24.307968
126,426,spx/815,后里甲后店,120.71732,24.309576
127,112,spx/1391,后里車站 - 智取店,120.72681,24.30913
128,443,spx/4363,后里豐四 - 智取店,120.72306,24.312206
129,448,spx/1751,后里三豐 - 智取店,120.72172,24.306938
130,249,spx/4154,豐原豐后 - 智取店,120.72078,24.267797
131,462,spx/2413,豐原三豐 - 智取店,120.72004,24.26235
132,290,spx/2934,豐原葫蘆墩 - 智取店,120.72089,24.258562
133,228,spx/2491,豐原直興 - 智取店,120.726776,24.255703
134,127,spx/821,豐原惠陽 - 智取店,120.724785,24.251911
135,69,spx/670,豐原向陽店,120.730034,24.25037
136,26,spx/2418,豐原豐東 - 智取店,120.73325,24.25115
137,89,spx/4358,豐原水源 - 智取店,120.74013,24.255781
138,2,spx/3052,豐原富陽 - 智取店,120.745926,24.26193
139,149,spx/3252,石岡明德 - 智取店,120.77839,24.274162
140,5,spx/979,東勢豐勢二 - 智取店,120.83036,24.250599
141,401,spx/978,東勢豐勢店,120.827324,24.259632
142,238,spx/3033,新社鎮安 - 智取店,120.808624,24.247623
143,87,spx/3251,新社中和 - 智取店,120.80709,24.241379
144,189,spx/4440,北屯橫坑 - 智取店,120.74017,24.178757
145,55,spx/3534,北屯東和 - 智取店,120.727135,24.17655
146,157,spx/1513,北屯大坑 - 智取店,120.72422,24.176155
147,159,spx/2465,北屯福十六 - 智取店,120.72358,24.175169
148,329,spx/3032,北屯福十三 - 智取店,120.73092,24.1708
149,375,spx/4422,北屯總太 - 智取店,120.730064,24.158892
150,362,spx/1290,太平大興 - 智取店,120.73346,24.153704
151,340,spx/1838,太平勤益 - 智取店,120.73391,24.147552
152,469,spx/2038,太平勤大 - 智取店,120.7341,24.143354
153,46,spx/3834,太平鵬儀 - 智取店,120.72449,24.122372
154,104,spx/1082,太平光興 - 智取店,120.72989,24.109518
155,302,spx/1665,大里工業店,120.71511,24.096304
156,35,spx/3307,大里新塗城 - 智取店,120.70755,24.087046
157,433,spx/746,大里塗城店,120.702484,24.088701
158,3,spx/1803,大里金城 - 智取店,120.69694,24.090849
159,261,spx/2617,大里金德 - 智取店,120.693535,24.0908
160,83,spx/2278,大里大衛 - 智取店,120.67915,24.097122
161,436,spx/753,大里德芳 - 智取店,120.67989,24.104069
162,481,spx/2478,大里國光 - 智取店,120.68089,24.106049
163,190,spx/693,大里東榮店,120.68294,24.110094
164,146,spx/3547,大里巧聖 - 智取店,120.683975,24.108528
165,427,spx/534,大里益民店,120.6839,24.112814
166,9,spx/4254,大里東明 - 智取店,120.685616,24.113272
167,457,spx/3278,大里興名 - 智取店,120.6817,24.11511
168,243,spx/2901,大里永大 - 智取店,120.67788,24.114487
169,131,spx/2363,大里爽文 - 智取店,120.674515,24.111193
170,291,spx/537,台中大里店,120.68462,24.102434
171,212,spx/2337,大里大元 - 智取店,120.6877,24.10004
172,180,spx/3186,大里新生 - 智取店,120.68962,24.104532
173,347,spx/1796,大里長榮 - 智取店,120.68889,24.107075
174,34,spx/2888,大里立高 - 智取店,120.692894,24.107412
175,122,spx/1448,大里達明 - 智取店,120.691986,24.11141
176,245,spx/594,大里中興二 - 智取店,120.68964,24.115896
177,423,spx/533,大里中興 - 智取店,120.688324,24.120289
178,454,spx/4351,台中南門 - 智取店,120.68358,24.122343
179,47,spx/2022,台中明德 - 智取店,120.68188,24.119392
180,17,spx/700,台中五權南 - 智取店,120.66985,24.118246
181,49,spx/614,台中高工店,120.669075,24.114553
182,170,spx/4324,台中高南 - 智取店,120.66186,24.112913
183,219,spx/2419,台中德富 - 智取店,120.65936,24.112663
184,251,spx/2522,台中工六 - 智取店,120.66018,24.116264
185,276,spx/3635,台中德義 - 智取店,120.65693,24.11827
186,393,spx/1568,台中大慶 - 智取店,120.65594,24.113586
187,155,spx/2628,烏日中華 - 智取店,120.641624,24.110344
188,27,spx/4235,烏日信義 - 智取店,120.64093,24.105618
189,445,spx/3461,烏日興祥 - 智取店,120.63702,24.110348
190,145,spx/906,烏日中山二店,120.63468,24.10667
191,254,spx/2351,烏日新興 - 智取店,120.62269,24.104689
192,1,spx/3641,南屯黎楓 - 智取店,120.62681,24.116785
193,255,spx/3575,南屯楓和 - 智取店,120.62808,24.117918
194,273,spx/765,南屯黎明三店,120.62602,24.11235
195,86,spx/4378,烏日國小 - 智取店,120.62385,24.106335
196,468,spx/703,烏日中山店,120.60663,24.10859
197,300,spx/2751,烏日榮和 - 智取店,120.59943,24.107769
198,45,spx/1155,烏日三榮 - 智取店,120.595375,24.109901
199,342,spx/1274,大肚沙田 - 智取店,120.5665,24.12263
200,202,spx/4101,大肚社腳 - 智取店,120.5538,24.134497
201,447,spx/745,大肚文昌店,120.54338,24.150583
202,432,spx/2017,大肚自由 - 智取店,120.548836,24.151937
203,232,spx/2870,大肚遊二 - 智取店,120.58007,24.17142
204,470,spx/4103,大肚自強 - 智取店,120.58129,24.174604
205,199,spx/781,龍井遊園店,120.583725,24.180649
206,240,spx/3455,龍井新庄 - 智取店,120.583565,24.182133
207,277,spx/2239,龍井東海 - 智取店,120.58715,24.18134
208,370,spx/4063,西屯工和 - 智取店,120.58847,24.177347
209,441,spx/738,龍井新興店,120.59159,24.18095
210,354,spx/2397,龍井東大 - 智取店,120.5926,24.182163
211,309,spx/882,龍井藝術 - 智取店,120.59223,24.18817
212,19,spx/2322,龍井遊園北 - 智取店,120.58956,24.191587
213,188,spx/1988,龍井新東 - 智取店,120.59036,24.18401
214,407,spx/519,台中福瑞 - 智取店,120.606285,24.187988
215,117,spx/2392,西屯福瑞 - 智取店,120.605965,24.186672
216,421,spx/2429,西屯福順 - 智取店,120.60845,24.186007
217,211,spx/2267,西屯中科 - 智取店,120.613,24.190178
218,150,spx/3640,西屯國安 - 智取店,120.61031,24.193007
219,372,spx/2186,西屯福康 - 智取店,120.61846,24.186861
220,80,spx/2464,西屯福林 - 智取店,120.61433,24.185951
221,214,spx/1304,西屯工業 - 智取店,120.61414,24.175644
222,429,spx/474,西屯中工 - 智取店,120.617294,24.174603
223,361,spx/1936,西屯工三 - 智取店,120.619225,24.179913
224,369,spx/2364,西屯福祥 - 智取店,120.62283,24.18337
225,383,spx/3413,西屯新福科 - 智取店,120.62424,24.182112
226,115,spx/587,西屯福吉 - 智取店,120.64034,24.183538
227,96,spx/483,西屯福星店,120.64438,24.183037
228,63,spx/2117,西屯西安 - 智取店,120.645226,24.181814
229,449,spx/2634,西屯西平 - 智取店,120.64742,24.183458
230,208,spx/3563,西屯文華 - 智取店,120.64646,24.179564
231,460,spx/1319,西屯逢甲 - 智取店,120.644394,24.178926
232,477,spx/3716,西屯至善 - 智取店,120.63993,24.175165
233,314,spx/1847,西屯光明 - 智取店,120.638336,24.177143
234,279,spx/4415,西屯西美 - 智取店,120.641884,24.17811
235,218,spx/4258,西屯上石 - 智取店,120.64426,24.175041
236,398,spx/3531,西屯河二 - 智取店,120.646996,24.172417
237,207,spx/2805,西屯惠來 - 智取店,120.647644,24.16917
238,270,spx/487,台中西屯 - 智取店,120.65006,24.16781
239,68,spx/4252,西屯美滿 - 智取店,120.65412,24.171652
240,106,spx/484,西屯櫻城店,120.65123,24.171255
241,40,spx/1956,西屯逢大 - 智取店,120.65033,24.17727
242,66,spx/488,西屯青海店,120.64378,24.171728
243,400,spx/2493,西屯上安 - 智取店,120.641624,24.16952
244,235,spx/4060,西屯大道 - 智取店,120.63722,24.170784
245,162,spx/1987,西屯潮洋 - 智取店,120.636475,24.170568
246,205,spx/2407,西屯河南 - 智取店,120.63635,24.158516
247,298,spx/2826,南屯干城 - 智取店,120.631355,24.152002
248,258,spx/1855,南屯三和 - 智取店,120.635445,24.150171
249,338,spx/3849,南屯三厝 - 智取店,120.63642,24.14843
250,478,spx/4156,南屯春東 - 智取店,120.63409,24.14554
251,295,spx/592,南屯龍富 - 智取店,120.63189,24.142847
252,110,spx/4017,南屯精銳 - 智取店,120.625854,24.14179
253,463,spx/2154,南屯春安 - 智取店,120.608376,24.134989
254,124,spx/3211,南屯嶺東 - 智取店,120.60978,24.138906
255,75,spx/842,南屯永春南 - 智取店,120.61167,24.13892
256,24,spx/770,南屯忠勇店,120.61488,24.145487
257,191,spx/3026,南屯精科 - 智取店,120.610115,24.146046
258,315,spx/2466,南屯文山 - 智取店,120.61376,24.14888
259,99,spx/2788,南屯寶山東 - 智取店,120.61667,24.152624
260,76,spx/663,南屯黎明店,120.636536,24.14519
261,215,spx/2099,南屯五權西 - 智取店,120.63812,24.14232
262,65,spx/717,南屯黎明二 - 智取店,120.63798,24.139362
263,100,spx/2627,南屯豐樂 - 智取店,120.640976,24.133402
264,196,spx/297,南屯向心店,120.64391,24.136318
265,388,spx/643,南屯文心 - 智取店,120.64663,24.1363
266,129,spx/2240,南屯田心 - 智取店,120.644196,24.14017
267,466,spx/4158,南屯墩四 - 智取店,120.64405,24.141754
268,167,spx/692,南屯大英店,120.64878,24.14568
269,105,spx/3574,南屯大聖 - 智取店,120.650635,24.149166
270,360,spx/3573,南屯公益 - 智取店,120.645615,24.150953
271,411,spx/3450,南屯敦業 - 智取店,120.64916,24.15361
272,434,spx/2463,南屯溝墘 - 智取店,120.649574,24.152956
273,30,spx/2390,台中精誠 - 智取店,120.65511,24.153795
274,101,spx/4155,台中誠北 - 智取店,120.65494,24.15159
275,64,spx/4257,台中華公 - 智取店,120.65905,24.14866
276,391,spx/2121,台中華美 - 智取店,120.65883,24.144518
277,172,spx/2804,台中向上南 - 智取店,120.655846,24.144964
278,217,spx/629,台中大同店,120.65397,24.147102
279,320,spx/4409,南屯興墩 - 智取店,120.65319,24.14383
280,29,spx/2168,南屯同心 - 智取店,120.649376,24.141798
281,419,spx/2835,南屯大誠 - 智取店,120.64995,24.138678
282,280,spx/3528,南屯東大 - 智取店,120.653824,24.138565
283,371,spx/2848,南屯東興 - 智取店,120.65277,24.135344
284,18,spx/1866,台中大勇 - 智取店,120.657005,24.135147
285,134,spx/3061,台中崇倫 - 智取店,120.65716,24.131613
286,163,spx/1404,台中三民 - 智取店,120.66113,24.13003
287,91,spx/4201,台中永成 - 智取店,120.66451,24.131395
288,152,spx/466,台中南屯店,120.6684,24.13208
289,54,spx/3841,台中貴和 - 智取店,120.67159,24.135653
290,79,spx/2391,台中權站 - 智取店,120.66698,24.129833
291,154,spx/3489,台中南陽 - 智取店,120.663055,24.125296
292,108,spx/1034,台中復興 - 智取店,120.662415,24.122873
293,452,spx/3633,台中忠明南 - 智取店,120.663246,24.119308
294,164,spx/3458,台中和昌 - 智取店,120.66404,24.121002
295,256,spx/1943,台中美村南 - 智取店,120.66682,24.117277
296,344,spx/3702,台中信義 - 智取店,120.67032,24.121775
297,265,spx/675,台中建成店,120.674,24.12639
298,128,spx/3538,台中興大 - 智取店,120.67518,24.125088
299,301,spx/2516,台中新榮 - 智取店,120.67373,24.130613
300,248,spx/3541,台中學府 - 智取店,120.67382,24.129486
301,431,spx/690,台中國光 - 智取店,120.67754,24.130676
302,61,spx/2991,台中正義 - 智取店,120.67989,24.129892
303,471,spx/1858,台中建中 - 智取店,120.684845,24.128828
304,264,spx/639,台中忠孝店,120.68881,24.13223
305,482,spx/1775,台中大智 - 智取店,120.689926,24.12701
306,137,spx/638,台中建德 - 智取店,120.69469,24.129816
307,169,spx/2385,台中東門 - 智取店,120.698784,24.127441
308,257,spx/1437,台中東英店,120.70224,24.135246
309,458,spx/4228,台中東十 - 智取店,120.70594,24.135109
310,310,spx/4013,台中甲東 - 智取店,120.70703,24.138105
311,413,spx/2144,台中旱溪 - 智取店,120.70736,24.140585
312,229,spx/2122,太平市民 - 智取店,120.71373,24.139832
313,346,spx/709,太平新平 - 智取店,120.714226,24.143024
314,385,spx/529,台中十甲店,120.70841,24.144455
315,373,spx/2906,台中二聖 - 智取店,120.70394,24.142723
316,161,spx/4472,太平新福 - 智取店,120.70211,24.148224
317,123,spx/4012,太平振福 - 智取店,120.70811,24.152628
318,186,spx/1967,太平旱溪西 - 智取店,120.70165,24.153736
319,8,spx/4205,台中東成三 - 智取店,120.701355,24.156416
320,233,spx/3031,台中自強 - 智取店,120.696495,24.15316
321,451,spx/595,台中進化店,120.69436,24.149773
322,465,spx/3646,台中榮興 - 智取店,120.689606,24.146109
323,440,spx/3644,台中福仁 - 智取店,120.69191,24.144146
324,479,spx/2849,台中福立 - 智取店,120.69472,24.143917
325,330,spx/4105,台中樂業 - 智取店,120.695076,24.13602
326,184,spx/3383,台中立德 - 智取店,120.68606,24.135426
327,304,spx/1906,台中三市 - 智取店,120.68343,24.13386
328,453,spx/678,台中民族 - 智取店,120.679436,24.139742
329,227,spx/1846,台中二市 - 智取店,120.67969,24.142925
330,272,spx/3030,台中一中 - 智取店,120.683174,24.147688
331,120,spx/3472,台中公園 - 智取店,120.679726,24.146385
332,48,spx/669,台中柳川 - 智取店,120.67921,24.14968
333,394,spx/316,台中中清 - 智取店,120.677216,24.153418
334,422,spx/1883,台中五常 - 智取店,120.68065,24.154753
335,77,spx/707,台中梅亭店,120.68044,24.160349
336,10,spx/4109,台中梅東三 - 智取店,120.676834,24.162714
337,439,spx/3651,台中順獅 - 智取店,120.6804,24.165113
338,331,spx/971,台中永興 - 智取店,120.682724,24.166176
339,356,spx/2784,台中進化北 - 智取店,120.68261,24.16313
340,349,spx/685,台中崇德 - 智取店,120.68485,24.16205
341,260,spx/3268,台中省三 - 智取店,120.68593,24.160452
342,103,spx/4162,台中新民 - 智取店,120.68866,24.157091
343,21,spx/640,台中錦中店,120.689026,24.155338
344,297,spx/1930,台中錦新 - 智取店,120.68603,24.153393
345,230,spx/3473,台中中達 - 智取店,120.67441,24.156038
346,350,spx/531,台中篤行 - 智取店,120.67364,24.158081
347,299,spx/3572,台中華興 - 智取店,120.6692,24.160044
348,23,spx/749,台中太原店,120.66922,24.164751
349,378,spx/3701,台中吉龍 - 智取店,120.66724,24.163603
350,176,spx/3244,台中太漢 - 智取店,120.667465,24.16681
351,158,spx/467,台中武昌 - 智取店,120.66869,24.168768
352,313,spx/1797,台中漢口 - 智取店,120.671646,24.166891
353,289,spx/3078,台中天津 - 智取店,120.6761,24.169962
354,216,spx/521,台中文昌 - 智取店,120.67845,24.17196
355,409,spx/3340,台中北平 - 智取店,120.67354,24.171663
356,148,spx/333,台中邦邦 - 智取店,120.67199,24.170946
357,294,spx/2904,北屯大連 - 智取店,120.67404,24.176762
358,114,spx/3545,北屯瀋二 - 智取店,120.68049,24.173935
359,136,spx/3474,北屯瀋陽 - 智取店,120.68619,24.17329
360,259,spx/1306,北屯天津 - 智取店,120.684494,24.169939
361,305,spx/3222,北屯熱平 - 智取店,120.68742,24.170347
362,14,spx/2875,北屯文昌 - 智取店,120.69077,24.169432
363,472,spx/708,北屯遼陽店,120.69245,24.172031
364,410,spx/3130,北屯豐田 - 智取店,120.69528,24.174444
365,210,spx/583,北屯僑孝 - 智取店,120.69771,24.176409
366,390,spx/3341,北屯興安 - 智取店,120.69502,24.180307
367,444,spx/1519,北屯松和 - 智取店,120.69324,24.178774
368,135,spx/3599,台中崇熱 - 智取店,120.688896,24.178932
369,224,spx/1875,北屯熱河 - 智取店,120.68828,24.176346
370,459,spx/1070,北屯松竹二 - 智取店,120.68661,24.181581
371,7,spx/1010,北屯松竹店,120.69424,24.182993
372,141,spx/4357,北屯竹二 - 智取店,120.69759,24.183117
373,252,spx/1430,北屯松義 - 智取店,120.698685,24.186228
374,97,spx/1315,潭子榮興 - 智取店,120.701744,24.187338
375,333,spx/2308,北屯敦富 - 智取店,120.70482,24.185814
376,52,spx/3653,北屯順興 - 智取店,120.702965,24.177916
377,416,spx/3291,北屯興松 - 智取店,120.70427,24.174646
378,32,spx/3129,北屯太原 - 智取店,120.699524,24.164394
379,181,spx/2184,北屯北華 - 智取店,120.69547,24.162643
380,288,spx/2146,台中梅亭東 - 智取店,120.69434,24.15957
381,178,spx/3671,台中育隆 - 智取店,120.694084,24.157572
382,236,spx/2212,台中富強 - 智取店,120.695496,24.15857
383,31,spx/768,北屯進化 - 智取店,120.68931,24.162949
384,420,spx/2209,北屯國校 - 智取店,120.69079,24.164593
385,415,spx/1432,台中北屯 - 智取店,120.69458,24.165434
386,246,spx/3290,北屯大坑口 - 智取店,120.69828,24.170326
387,182,spx/408,北屯東山店,120.70327,24.169825
388,399,spx/2306,北屯水景 - 智取店,120.70941,24.171312
389,408,spx/2226,北屯軍福 - 智取店,120.71421,24.178234
390,57,spx/4018,北屯功福 - 智取店,120.71961,24.179838
391,328,spx/2234,北屯軍功 - 智取店,120.71882,24.175793
392,306,spx/479,台中環中店,120.72075,24.174444
393,44,spx/4107,北屯和順 - 智取店,120.72237,24.171787
394,318,spx/3699,北屯太和 - 智取店,120.72537,24.16548
395,242,spx/2494,北屯祥順 - 智取店,120.72772,24.163467
396,140,spx/3827,北屯太順 - 智取店,120.726616,24.159199
397,268,spx/1517,太平育德 - 智取店,120.72238,24.157215
398,334,spx/734,太平育賢店,120.716965,24.158598
399,404,spx/3700,太平立文 - 智取店,120.71628,24.156263
400,234,spx/2905,太平立行 - 智取店,120.71372,24.158201
401,473,spx/2002,太平樹德 - 智取店,120.71177,24.155462
402,316,spx/739,太平宜昌店,120.715805,24.14823
403,317,spx/2132,太平樹孝 - 智取店,120.71733,24.154224
404,51,spx/783,太平育仁店,120.72115,24.151201
405,88,spx/1723,太平中山 - 智取店,120.725914,24.149517
406,287,spx/3436,太平大源 - 智取店,120.724754,24.144674
407,428,spx/2950,太平中和 - 智取店,120.72599,24.13653
408,339,spx/4102,太平平和 - 智取店,120.72482,24.133945
409,253,spx/2102,太平東平 - 智取店,120.72186,24.133493
410,70,spx/812,太平中平店,120.71901,24.130447
411,475,spx/2842,太平永平南 - 智取店,120.72144,24.12981
412,85,spx/1553,太平成功 - 智取店,120.72052,24.128159
413,406,spx/4348,太平永豐 - 智取店,120.713455,24.124407
414,322,spx/1642,台中太平 - 智取店,120.71735,24.123814
415,355,spx/4110,太平精美 - 智取店,120.7206,24.120625
416,266,spx/671,太平長億店,120.719215,24.117603
417,239,spx/1715,太平永成 - 智取店,120.71484,24.117973
418,244,spx/1984,大里新仁 - 智取店,120.70328,24.11116
419,160,spx/735,大里立新店,120.703,24.107449
420,396,spx/4466,大里好來 - 智取店,120.69988,24.10876
421,60,spx/1932,大里立中 - 智取店,120.69718,24.103151
422,90,spx/3459,大里仁文 - 智取店,120.70089,24.096188
423,352,spx/870,大里仁化店,120.706726,24.095533
424,366,spx/2695,大里成功 - 智取店,120.70412,24.094812
425,74,spx/3018,大里中軟 - 智取店,120.69705,24.0845
426,389,spx/662,大里東南店,120.6962,24.079964
427,4,spx/2417,霧峰吉峰 - 智取店,120.70815,24.076586
428,405,spx/775,霧峰中正 - 智取店,120.699585,24.071926
429,484,spx/2272,霧峰振興 - 智取店,120.69734,24.067728
430,271,spx/4157,霧峰本堂 - 智取店,120.69828,24.061438
431,6,spx/1450,霧峰樹仁 - 智取店,120.696495,24.060465
432,119,spx/4104,霧峰萬豐 - 智取店,120.69694,24.02606
433,56,spx/789,霧峰柳豐店,120.68862,24.043756
434,53,spx/3836,霧峰四德 - 智取店,120.67576,24.063866
435,247,spx/2318,霧峰中投 - 寄件店,120.66347,24.07338
436,71,spx/3115,烏日溪福 - 智取店,120.64286,24.073986
437,438,spx/2612,烏日新溪南 - 智取店,120.643295,24.079058
438,267,spx/3428,台中樹義 - 智取店,120.65401,24.109926
439,384,spx/1705,台中樹德店,120.65261,24.114408
440,456,spx/3546,台中德祥 - 智取店,120.652824,24.120022
441,179,spx/3185,台中建國南 - 智取店,120.65913,24.12439
442,194,spx/4305,台中海岸 - 智取店,120.66026,24.134287
443,13,spx/471,台中五權店,120.66146,24.136553
444,183,spx/4251,台中國美 - 智取店,120.66349,24.139275
445,395,spx/522,台中五廊店,120.67062,24.141926
446,387,spx/3116,台中樂群 - 智取店,120.673225,24.139803
447,171,spx/3193,台中日日新 - 智取店,120.6748,24.143787
448,28,spx/656,臺灣大道 - 智取店,120.675644,24.145998
449,33,spx/2992,台中篤信 - 智取店,120.672714,24.149757
450,36,spx/4062,台中民龍 - 智取店,120.66976,24.152077
451,325,spx/1710,台中模範 - 智取店,120.666626,24.148117
452,143,spx/2688,台中向上 - 智取店,120.66227,24.146948
453,474,spx/1454,台中公正店,120.66131,24.149023
454,139,spx/372,台中忠誠 - 智取店,120.660995,24.152538
455,204,spx/4106,台中中美 - 智取店,120.66097,24.155348
456,358,spx/3476,台中博館 - 智取店,120.66546,24.156275
457,292,spx/1812,台中英才 - 智取店,120.669395,24.155834
458,62,spx/2687,台中科博館 - 智取店,120.66484,24.161121
459,480,spx/3462,台中忠明 - 智取店,120.66158,24.16008
460,374,spx/1305,西屯太原 - 智取店,120.658455,24.159132
461,281,spx/3183,西屯東興 - 智取店,120.65508,24.157656
462,81,spx/492,西屯大隆 - 智取店,120.65039,24.15784
463,151,spx/493,西屯大墩 - 智取店,120.65219,24.159286
464,343,spx/794,西屯何厝店,120.65545,24.162857
465,348,spx/1647,西屯何德店,120.65862,24.164742
466,326,spx/3414,西屯重慶 - 智取店,120.657,24.167103
467,324,spx/2450,西屯成都 - 智取店,120.66216,24.167025
468,414,spx/3692,西屯寧夏 - 智取店,120.66058,24.169388
469,386,spx/665,西屯文心店,120.662834,24.171904
470,262,spx/3595,西屯漢城六 - 智取店,120.66498,24.171692
471,192,spx/3628,西屯長安 - 智取店,120.66514,24.17384
472,95,spx/1243,西屯中清 - 智取店,120.665276,24.175676
473,203,spx/1733,北屯雷中 - 智取店,120.66844,24.180689
474,58,spx/4108,北屯平德 - 智取店,120.670395,24.184647
475,446,spx/822,北屯陳平店,120.66815,24.185461
476,284,spx/4293,北屯敦化 - 智取店,120.6656,24.186415
477,392,spx/3457,北屯后庄 - 智取店,120.66681,24.191174
478,130,spx/315,北屯中清 - 智取店,120.66005,24.193392
479,269,spx/558,北屯同榮 - 智取店,120.66281,24.197538
480,380,spx/3062,潭子大德 - 智取店,120.675064,24.204023
481,93,spx/4196,北屯四平 - 智取店,120.681175,24.191507
482,418,spx/3250,北屯四張犁 - 智取店,120.683586,24.191492
483,133,spx/1011,北屯豐樂 - 智取店,120.68369,24.193516
484,102,spx/4111,北屯洲際 - 智取店,120.68645,24.195415
485,0,spx/4161,北屯崇平 - 智取店,120.68794,24.189342
